name,form
Application for Registration or Exemption from Registration as a National Securities Exchange,1
Offering Statement [Regulation A],1-A
Post-qualification amendment,1-A POS
Withdrawal of offering statement [Regulation A],1-A-W
Notification [Regulation E],1-E
Sales materials,1-E AD
Annual report,1-K
Semiannual report,1-SA
Current Report Pursuant to Regulation A,1-U
Exit report,1-Z
Withdrawal,1-Z-W
Registration of securities [Section 12(b)],10-12B
Registration of securities [Section 12(g)],10-12G
Change of number of shares outstanding or change of issuer name,10-C
Asset-Backed Issuer Distribution Report [Section 13 or 15(d) of the Securities Exchange Act of 1934],10-D
"Annual report [Section 13 and 15(d), not S-K Item 405]",10-K
"Annual report [Sections 13 and 15(d), S-K Item 405]",10-K405
Transition reports [Rule 13a-10 or 15d-10],10-KT
Irrevocable appointment of agent by individual nonresident broker or dealer,10-M
Quarterly report [Sections 13 or 15(d)],10-Q
Transition reports [Rule 13a-10 or 15d-10],10-QT
"Optional form for annual and transition reports of small business issuers [Section 13 or 15(d), not S-B Item 405]",10KSB
Annual Report Form for Small Businesses that also have a Positive Response to Item 405,10KSB40
"Optional form for annual and transition reports of small business issuers [Section 13 or 15(d), S-B Item 405]",10KSB405
"Transition reports pursuant to Rule 13a-10 or 15d-10, Initial Filing",10KT405
Optional form for quarterly and transition reports of small business issuers,10QSB
Registration of securities for small business [Section 12(b)],10SB12B
Registration of securities for small business [Section 12(g)],10SB12G
"Annual report of employee stock purchase, savings and similar plans",11-K
Transition report [Rule 13a-10 or 15d-10],11-KT
Securities deemed to be Registered [Section 12(g)(1)],12G-2
Exemptions for American Depository Receipts and Certain Foreign Securities,12G3-2A
Exemptions for American Depository Receipts and Certain Foreign Securities,12G3-2B
Exemptions for American Depository Receipts and Certain Foreign Securities,12G32BR
Quarterly reports filed by institutional managers.,13F-E
"Quarterly report filed by institutional managers, Holdings",13F-HR
"Quarterly report filed by institutional managers, Notice",13F-NT
"Quarterly report filed by institutional managers, Holdings",13FCONP
Report of proposed sale of securities,144
Securities registration termination [Section 12(b)],15-12B
Securities registration termination [Section 12(g)],15-12G
Suspension of duty to report [Section 13 and 15(d)],15-15D
Securities registration termination of foreign private issuers [Section 12(b)],15F-12B
Securities registration termination of foreign private issuers [Section 12(g)],15F-12G
Suspension of duty to report for foreign private issuers [Section 13 and 15(d)],15F-15D
Registration of securities [Section 12(b)],18-12B
Registration of securities [Section 12(g)],18-12G
Annual report for foreign governments and political subdivisions,18-K
For Filings with Respect to Proposed Rule Changes by All Self-Regulatory Organizations,19-B
Proposed Rule Change by SRO [Rule 19b4],19B-4
Information required of an SRO Listing and Trading a New Directive Securities Product [Rule 19b-4(e)],19B-4E
Report of Sales [Regulation A],2-A
Final Report of Sales of Securities [Rule 260],2-AF
Reports of sales of securities [Regulation E]. Filed by investment companies.,2-E
Annual and transition report of foreign private issuers [Sections 13 or 15(d)],20-F
Annual and transition registration statement of foreign private issuers [Sections 13 or 15(d)],20-FR
Registration of securities [Section 12(b)],20FR12B
Registration of securities [Section 12(g)],20FR12G
Registration of securities by certain investment companies [Rule 24F-1]. Notification of election.,24F-1
Registration of securities by certain investment companies [Rule 24F-2]. Declaration of election.,24F-2EL
Rule 24f-2 notice,24F-2NT
Registration of securities by certain investment companies [Rule 24F-2]. Termination of Declaration of election.,24F-2TM
"Notification of the removal from listing and registration of matured, redeemed or retired securities",25
"Notification filed by national security exchange to report the removal from listing and registration of matured, redeemed or retired securities",25-NSE
Disclosure,253G1
*,253G2
Disclosure,253G3
Disclosure,253G4
Notification of the admission to Trading of a Substituted or additional class of security,26
Notification of changes in securities admitted to unlisted trading privileges,27
Notification of the termination or suspension of unlisted trading privileges.,28
Initial statement of beneficial ownership of securities,3
Filing [Trust Indenture Act],305B2
Application for Exemption [Section 12(g)] or from filing certain reports [Section 13(a)],34-12H
Application for exemption relief [Section 36 Corporation Finance],34-36CF
Application for exemption relief [Section 36 Market Regulations],34-36MR
Certain Acquisitions by Affiliates exempted from Section 9(a)(2),35-11
Application for exemption for holding companies which are Intrastate or predominately operating companies,35-2
Application for exemption for certain banks,35-3
Application for exemption [Rule 7(b)(1)],35-7B
Statement on proposed transaction where no application is prescribed [Rule 20(e)],35-APP
"Certificate, terms and conditions [Rule 24]",35-CERT
Application [Rule 10B-2],39-10B2
Application for exemption from certain provisions of the Trust Indenture Act of 1939,39-304C
"Application to exempt any person, registration statement, indenture security or transaction or any class or classes of persons, registration statements, indentures, securities or transactions from one or more provisions of the Act",39-304D
Application regarding conflict of interest under the Trust Indenture Act of 1939,39-310B
Statement of changes in beneficial ownership of securities,4
Certificate of accounting of securities in custody of management investment companies [Rule 17f-1],40-17F1
Certificate of accounting of securities in custody of management investment companies [Rule 17f-2],40-17F2
Fidelity Bond [Rule 17G-1(g)],40-17G
*,40-17GCS
Application to designate applicant a person not within the intent of the Investment Advisers Act of 1940,40-202A
Exemption from the Prohibition on Commission Registration,40-203A
Performance Fees exemption that would permit Investment Advisors to charge performance fees to certain types of clients or for certain transactions,40-205A
Application for performance fees exemption [Section 205],40-205E
Application for exemption [Section 206(3)],40-206A
Filing of sales literature pursuant to Rule 24b2 under the Investment Company Act of 1940,40-24B2
Copies of all Stockholder Derivative Actions filed with a court against an Investment Company or an Affiliate thereof [Section 33],40-33
Application for exemption from all provisions of The Investment Company Act of 1940 by an Employee's Investment Company,40-6B
Application for exemption and other relief [Section 6(c)],40-6C
Investment company request for extension of time to file,40-8B25
Application for deregistration [Rule O-2],40-8F-2
"Application for deregistration, abandonment of registration",40-8F-A
"Application for deregistration, business development company",40-8F-B
"Application for deregistration, liquidation",40-8F-L
"Application for deregistration, merger",40-8F-M
Investment Company Registration withdrawn by Commission Order,40-8FC
Application for exemption and other relief filed under the Investment Company Act of 1940,40-APP
"Annual report - foreign issuer [Section 13(a), 15(d)]",40-F
Applications under the Investment Company Act reviewed by Office of Insurance Products,40-OIP
Reports required to be filed by certain applicants for exemptions from the Investment Company Act of 1940,40-RPT
Registration of a Class of Securities of certain Canadian issuers [Section 12(b)],40FR12B
Registration of a Class of Securities of certain Canadian issuers [Section 12(g)],40FR12G
Prospectus [Rule 424(a)],424A
Prospectus [Rule 424(b)(1)],424B1
Prospectus [Rule 424(b)(2)],424B2
Prospectus [Rule 424(b)(3)],424B3
Prospectus [Rule 424(b)(4)],424B4
Prospectus [Rule 424(b)(5)],424B5
Prospectus [Rule 424(b)(7)],424B7
Prospectus filed pursuant to Rule 424(b)(8),424B8
*,424H
"Prospectuses and communications, business combinations",425
"Transitional statement, extensions of credit [Rule 45(b)(3)]",45B-3
Post Effective Amendments,485A24E
Post Effective Amendments,485A24F
Post-effective amendment [Rule 485(a)],485APOS
Post Effective Amendments,485B24E
Post Effective Amendments,485B24F
Post-effective amendment [Rule 485(b)],485BPOS
New effective date for post-effective amendment [Rule 485(b)(1)(iii)],485BXT
Post Effective Amendments to designate new effective dates,485BXTF
Post Effective Amendments of N-2s,486A24E
Post-effective amendment [Rule 485(a)],486APOS
Post Effective Amendments of N-2s,486B24E
Post-effective amendment [Rule 485(b)],486BPOS
*,486BXT
Pre-effective pricing amendments [Rule 487],487
Definitive materials,497
Filing by certain investment companies of Rule 482 advertising [Rule 497 and 482(c)],497AD
Filings [Rule 497(h)(2)],497H2
Certification of no change in definitive materials,497J
Summary Prospectus for certain open-end management investment companies filed pursuant to Securities Act Rule 497(K),497K
"Profiles for certain open-end management investment companies, [Rule 497(k)(1)(i)]",497K1
"Profiles for certain open-end management investment companies, [Rule 497(k)(1)(ii)]",497K2
"Profiles for certain open-end management investment companies, [Rule 497(k)(1)(iii)(A)]",497K3A
"Profiles for certain open-end management investment companies, [Rule 497(k)(1)(iii)(B)]",497K3B
*,497VPI
*,497VPU
Annual statement of changes in beneficial ownership of securities,5
Report of foreign issuer [Rules 13a-16 and 15d-16],6-K
40-6B Notice,6B NTC
40-6B Order,6B ORDR
Optional Form of Escrow for Securities [Rule 253(c) of Regulation A],7-A
Registration of securities [Section 12(b)],8-A12B
Registration of securities [Section 12(g)],8-A12G
Registrations of Securities of certain successor issuers,8-B12B
Registrations of Securities of certain successor issuers,8-B12G
Current report,8-K
Notification that a class of securities of successor issuer is deemed to be registered pursuant to section 12(b),8-K12B
Notification of securities of successor issuers deemed to registered [Section 12],8-K12G3
Notification of assumption of duty to report by successor issue [Section 15(d)],8-K15D5
"Consent to service of process by Notice, Corporation non-Resident BD",8-M
Registrations of certain classes of Securities,8A12BEF
Registrations of certain classes of Securities,8A12BT
40-8F-2 Notice,8F-2 NTC
40-8F-2 Order,8F-2 ORDR
"Consent to service of process by Notice, Partnership non-Resident BD",9-M
Asset-backed securitizer report pursuant to Section 15G,ABS-15G
Asset-Backed Electronic Exhibits,ABS-EE
Periodic reports filed by the Asian Development Bank,ADB
Additional or Detached Materials for which no Rule or Regulation applies or No Specific Form is Prescribed,ADN-MTL
Registration of Investment Advisor,ADV
Certificate of Accounting of Client Securities and Funds in Possession or Custody of an Investment Advisor,ADV-E
Application for Continuing Hardship Exemption,ADV-H-C
Application for Temporary Hardship Exemption,ADV-H-T
Appointment of Agent for Service of Process by Non-Resident General Partner and Non-Resident managing agent of an Investment Advisor,ADV-NR
Cancellation of registered advisers by commission order,ADVCO
Notice of withdrawal from Registration as Investment Advisor,ADVW
African Development Bank,AFDB
"Periodic Development Bank filing, submitted annually",ANNLRPT
40-APP Notice,APP NTC
40-APP Order,APP ORDR
Withdrawal of an Application for exemption [Section 12(g)] or from filing certain reports [Section 13(a)],APP WD
*,APP WDG
Annual Report to Security Holders,ARS
Initial Form ATS-N (Rule 304(a)(1)(i)),ATS-N
Order of Ineffective Initial Form ATS-N (Rule 304(a)(1)(iii)(B)),ATS-N ORDR INEFF
Order of Limitation of the Exemption from the Definition of Exchange (Rule 304(a)(4)(i)),ATS-N ORDR LTD OPN
Order of Revocation of the Exemption from the Definition of Exchange (Rule 304(a)(4)(i)),ATS-N ORDR REVK
Order of Suspension of the Exemption from the Definition of Exchange (Rule 304(a)(4)(i)),ATS-N ORDR SUSP
Notice of Cessation of Operations of NMS Stock ATS (Rule 304(a)(3)),ATS-N-C
Withdrawal of Form ATS-N Filing (Form ATS-N Instruction No. 9),ATS-N-W
Order of Ineffective Form ATS-N Amendment (Rule 304(a)(2)(ii)),ATS-N/A ORDR INEFF
Correcting Amendment to Form ATS-N (Rule 304(a)(2)(i)(C)),ATS-N/CA
Material Amendment to Form ATS-N (Rule 304(a)(2)(i)(A)),ATS-N/MA
Cover Page of an Material Amendment to Form ATS-N (Rule 304(b)(2)(iii)(A)),ATS-N/MA CP
Order Display and Fair Access Amendment to Form ATS-N (Rule 304(a)(2)(i)(D)),ATS-N/OFA
Updating Amendment to Form ATS-N (Rule 304(a)(2)(i) (B)),ATS-N/UA
Amendment Withdrawal Request,AW
Amendment Withdrawal (Withdrawal Duplicate) Requests,AW WD
Cancellation of Registered Brokers or Dealers by Commission Order,BDCO
"Periodic World Bank filing, submitted quarterly",BW-2
Transactional World Bank filing,BW-3
Offering Statement,C
Annual Report,C-AR
Annual Report Withdrawal,C-AR-W
Annual Report Withdrawal,C-AR/A-W
Termination of Reporting,C-TR
Termination of Reporting Withdrawal,C-TR-W
Progress Update,C-U
Progress Update Withdrawal,C-U-W
Offering Statement Withdrawal,C-W
Offering Statement Withdrawal,C/A-W
Registration as a Clearing Agency,CA-1
Tender Offer/Rights Offering Notification Form,CB
*,CERT
Certification by the American Stock Exchange approving securities for listing,CERTAMX
Certification by the New York Stock Exchange Archipelago approving securities for listing,CERTARCA
*,CERTBATS
Certification by the Boston Stock Exchange approving securities for listing,CERTBSE
Certification by the Chicago Board of Options approving securities for listing,CERTCBO
Certification by the Cincinnati Stock Exchange approving securities for listing,CERTCIN
"Certification by the Central Stock Exchange, formerly Midwest Stock Exchange, to approve listing of securities",CERTCSE
Certification by the International Stock Exchange approving securities for listing,CERTISE
Certification by the Nasdaq Stock Market approving securities for listing,CERTNAS
Certification by the New York Stock Exchange approving securities for listing,CERTNYS
Certification by the Pacific Coast Stock Exchange approving securities for listing,CERTPAC
Certification by the Philadelphia Stock Exchange approving securities for listing,CERTPBS
*,CFPORTAL
*,CFPORTAL-W
Correspondence,CORRESP
Confidential treatment order,CT ORDER
Notice of Exempt Offering of Securities,D
Other definitive proxy statements,DEF 14A
Other definitive information statements,DEF 14C
Definitive offering circular (Regulation A),DEF-OC
Schedule filed as definitive materials.,DEF13E3
Additional definitive proxy soliciting materials and Rule 14(a)(12) material,DEFA14A
"Additional information statement materials, definitive",DEFA14C
"Definitive proxy statement, contested solicitations",DEFC14A
"Definitive information statement, contested solicitations",DEFC14C
Definitive proxy statement relating to merger or acquisition,DEFM14A
Definitive information statement relating to merger or acquisition,DEFM14C
Definitive proxy statement filed by non-management,DEFN14A
Revised definitive proxy soliciting materials,DEFR14A
"Revised information statement materials, definitive",DEFR14C
Definitive proxy statement for special meeting,DEFS14A
Definitive information statement for special meeting,DEFS14C
Delaying amendment,DEL AM
Additional definitive proxy soliciting materials filed by non-management and Rule 14(a)(12) material,DFAN14A
Revised definitive proxy statement filed by non-management,DFRN14A
*,DOS
*,DOSLTR
Draft Registration Statement,DRS
Correspondence Related to Draft Registration Statement,DRSLTR
Distribution of primary obligations Development Bank report,DSTRBRPT
European Bank for Reruction and Development,EBRD
Notice of Effectiveness,EFFECT
Registration statement for certain foreign private issuers,F-1
Registration Statement for Securities of certain Canadian Issuers.,F-10
"Registration Statement for Securities of certain Canadian Issuers, immediately effective.",F-10EF
Registration statement to add securities to prior Form F-10 registration [Rule 462(b)],F-10MEF
Post-effective amendment to a F-10EF registration,F-10POS
Registration statement to add securities to prior Form F-1 registration [Rule 462(b)],F-1MEF
Registration statement for certain foreign private issuers,F-2
"Registration of securities, dividend or interest re-investment plans",F-2D
"Registration of securities, dividend or interest re-investment plans, post-effective amendments",F-2DPOS
Registration statement to add securities to Form F-2 registration [Rule 462(b)],F-2MEF
Registration statement by foreign private issuers,F-3
Automatic shelf registration statement of securities of well-known seasoned issuers,F-3ASR
Registration of securities pursuant to dividend or interest reinvestment plans,F-3D
"Registration of securities pursuant to dividend or interest reinvestment plans, post-effective amendments",F-3DPOS
Registration statement to add securities to prior Form F-3 registration [Rule 462(b)],F-3MEF
"Registration of securities, foreign private issuers, business combinations",F-4
"Registration of securities, foreign private issuers, business combinations, post effective",F-4 POS
"Registration of securities, foreign private issuers, business combinations, immediately effective.",F-4EF
Registration statement to add securities to prior Form F-4 registration [Rule 462(b)],F-4MEF
"Registration of American Depository Receipt shares, not immediately effective",F-6
Post-effective amendments for immediately effective filing,F-6 POS
"Registration of American Depository Receipt shares, immediately effective",F-6EF
Registration statement for securities of certain Canadian issuers offered for cash upon the exercise of rights granted to existing security holders,F-7
Post-effective amendment to a F-7 registration,F-7 POS
Registration statement for securities of certain Canadian issuers to be issued in exchange offers or a business combination,F-8
"Registration statement for securities of certain Canadian issuers, post effective",F-8 POS
Registration of securities of certain Canadian Issuers in exchange offers or a business combination.,F-80
Post-effective amendment to a F-80 registration,F-80POS
Registration of securities of certain investment grade debt of preferred securities of certain Canadian issuers.,F-9
Post-effective amendment to a F-9EF registration,F-9 POS
"Registration of securities of certain investment grade debt of preferred securities of certain Canadian issuers, immediately effective.",F-9EF
Registration statement to add securities to prior Form F-9 registration [Rule 462(b)],F-9MEF
Designates a U.S. agent for service of process by foreign banks and foreign insurance companies,F-N
Appointment of Agent for Service of Process and Undertaking,F-X
Non-public annual audit reports filed by brokers or dealers,FOCUSN
Filing under Securities Act Rules 163/433 of free writing prospectuses,FWP
Report on Financial Operations - aka FOGS Report,G-405
*,G-405N
notification by financial institutions of status,G-FIN
Notice of withdrawal from government securities broker or dealer by financial institutions,G-FINW
Captures Historical File Numbers assigned to issuers or applicants prior to the recording of information on the Automated Workload Filings System,HISTORY
Inter-American Development Bank,IADB
International Bank for Reruction and Development,IBRD
New Form ID Submission,ID-NEWCIK
Periodic Reports filed by the International Finance Corporation,IFC
Notice of disclosure filed pursuant to Section 219 of the Iran Threat Reduction and Syria Human Rights Act of 2012 (Exchange Act Section 13(r)).,IRANNOTICE
Municipal Advisor Registration for Business Entities,MA
Annual Update of Municipal Advisor Registration for Business Entities,MA-A
Application for Municipal Advisor Registration for Natural Persons,MA-I
Notice of Withdrawal from Registration as a Municipal Advisor,MA-W
Registration of Municipal Securities Dealer,MSD
Cancellation of Registered Municipal Securities Dealers by Commission Order,MSDCO
Notice of Withdrawal from Registration as a Municipal Securities Dealer [Rule 15Bc3-1],MSDW
Registration for open-end management investment companies,N-1
Registration statement for open-end investment company (business combinations),N-14
Registration statement for closed-end investment company (business combinations),N-14 8C
Registration statement for open-end investment company (business combinations) [Rule 488],N-14AE
Registration of additional securities for a Form N-14 offering [Rule 462(b)],N-14MEF
Notification of election [Rule 18f-1],N-18F1
Registration statement for open-end management investment companies,N-1A
Registration statements of open end management investment companies,N-1A EL
Registration statement for closed-end investment companies,N-2
*,N-2 POSASR
Reports by closed-end investment companies of purchase of their own securities,N-23C-1
Notice by closed-end investment companies of intent to purchase their own securities,N-23C-2
Notification of periodic repurchase offer [Rule 23c-3(b) only],N-23C3A
Notification of periodic repurchase offer [Rule 23c-3(c) only],N-23C3B
Notification of periodic repurchase offer [Rule 23c-3(b) and (c)],N-23C3C
Accounting for segregated trust accounts,N-27D-1
*,N-2ASR
Registration of additional securities for a Form N-2 offering [Rule 462(b)],N-2MEF
Registration statement for separate accounts (management investment companies),N-3
Registration statements for separate accounts (management investment companies),N-3 EL
Periodic and interim reports mailed to shareholders,N-30B-2
Annual and semi-annual reports mailed to shareholders [Rule 30d-1],N-30D
Registration statement for separate accounts (unit investment trusts),N-4
Registration statements for separate accounts (unit investment trusts),N-4 EL
Registration statement for small business investment companies,N-5
Notification of election by business development companies,N-54A
Notification of withdrawal by business development companies,N-54C
Registration statement for separate accounts (unit investment trusts),N-6
Exemptions for Foreign Banks,N-6C9
Notice of intent by business development companies to be subject to Sections 55 through 65,N-6F
Notification of registration [Section 8(a)],N-8A
Registration statement for unit investment trusts,N-8B-2
Registration statement for periodic payment Plans,N-8B-3
Registration statement for face-amount certificate companies,N-8B-4
Application for Deregistration,N-8F
N-8F Notice,N-8F NTC
N-8F Order,N-8F ORDR
Annual Report for Registered Investment Companies,N-CEN
*,N-CR
Certified Shareholder Report,N-CSR
"Certified Shareholder Report, Semi-Annual",N-CSRS
Monthly Schedule Of Portfolio Holdings Of Money Market Funds,N-MFP
Monthly portfolio holdings schedule,N-MFP1
Monthly portfolio holdings schedule,N-MFP2
Annual Report of proxy voting record of management investment companies,N-PX
Quarterly Schedule of portfolio holdings of management investment companies,N-Q
Notice documents for certain variable contracts,N-VP
Financial statements for certain variable contracts,N-VPFS
Registration statements of open end investment companies (business combinations),N14AE24
Registration statements of open end investment companies (business combinations),N14EL24
No Action Letter,NO ACT
Portfolio Holdings Exhibit to Form N-PORT,NPORT-EX
NPORT-NP: Monthly Portfolio Investments Report on Form N-PORT (Non-Public),NPORT-NP
Monthly Portfolio Investments Report on Form N-PORT (Public),NPORT-P
*,NRSRO-CE
*,NRSRO-UPD
Semi-annual report for management companies,NSAR-A
Transitional semi-annual report,NSAR-AT
Annual report for management companies,NSAR-B
Transitional annual report for management companies,NSAR-BT
Annual report for unit investment trusts,NSAR-U
Notification of inability to timely file Form 10-D,NT 10-D
"Notification of inability to timely file Form 10-K 405, 10-K, 10-KSB 405, 10-KSB, 10-KT, or 10-KT405",NT 10-K
Notification of inability to timely file Form 10-Q or 10-QSB,NT 10-Q
Notification of inability to timely file Form 11-K,NT 11-K
Notification of inability to timely file special report [Section 15d-2],NT 15D2
Notification of inability to timely file Form 20-F,NT 20-F
EDGAR generated form type for late filing of Annual Report for Registered Investment Companies,NT N-CEN
Notification of late filings of form N-MFP,NT N-MFP
*,NT N-MFP1
*,NT N-MFP2
EDGAR generated form type for a late filing of a Portfolio holdings exhibit,NT NPORT-EX
EDGAR generated form type for a late filing of a Monthly Portfolio Investments Report on Form N-PORT (Non-Public),NT NPORT-N
EDGAR generated form type for a late filing of a Monthly Portfolio Investments Report on Form N-PORT (Public),NT NPORT-P
Notice under Exchange Act Rule 12b-25 of inability to timely file Form N-CEN,NT-NCEN
Notice under Exchange Act Rule 12b-25 of inability to timely file Form N-CSR (annual or semi-annual report),NT-NCSR
Notification of inability to timely file Form N-SAR,NT-NSAR
EDGAR generated form type for late filing of notice under Exchange Act Rule 12b-25 of inability to timely file Form N-CEN,NTFNCEN
Notification of late filings of form N-CSR,NTFNCSR
Notices of Late Filings of Form N-SAR,NTFNSAR
Notices of Late Filings of Form 10-D,NTN 10-D
Notification of late filings of form 10-D,NTN 10D
Notices of Late Filings of Form 10-K or 10-KSB,NTN 10K
Notices of Late Filings of Form 10-Q or 10-QSB,NTN 10Q
Notices of Late Filings of Form 11-K,NTN 11K
Notices of Late Filings of Form 20-F,NTN 20F
Notices of Late Filings of Special Financial Reports,NTN15D2
Offering Circular [Regulation A],OC
40-OIP Notice,OIP NTC
40-OIP Order,OIP ORDR
Post-effective amendments filed by certain investment companies [Section 8(c)],POS 8C
Post-Effective amendments for registration statement,POS AM
Pre-effective amendments for application or declaration,POS AMC
Amendments to 40 Act only filings,POS AMI
Post-effective amendment adding exhibits to registration statement [Rule 462(d)],POS EX
Post-effective amendment to registration statement [Rule 462(b)],POS462B
Post-effective amendment to registration statement [Rule 462(c)],POS462C
Post-effective Amendment to an automatic shelf registration statement,POSASR
Other preliminary proxy statements,PRE 14A
Other preliminary information statements,PRE 14C
Initial statement - preliminary form.,PRE13E3
Additional Preliminary Proxy Solicitation Material,PREA14A
Additional Preliminary Proxy Information Statements,PREA14C
"Preliminary proxy statements, contested solicitations",PREC14A
"Preliminary information statements, contested solicitations",PREC14C
Preliminary proxy statements relating to merger or acquisition,PREM14A
Preliminary information statements relating to merger or acquisition,PREM14C
Non-management preliminary proxy statements,PREN14A
Preliminary Proxy Soliciting materials,PRER14A
Information statements,PRER14C
"Preliminary proxy statements, special meeting",PRES14A
"Preliminary information statements, special meeting",PRES14C
"Non-management revised preliminary proxy soliciting materials, contested and otherwise",PRRN14A
Power of Attorney,PWR-ATT
Notice of exempt solicitation submitted by non-management,PX14A6G
Notice of exempt solicitation submitted by non-management,PX14A6N
"Periodic Development Bank filing, submitted quarterly",QRTLYRPT
Notice of Qualification [Regulation A],QUALIF
"Initial undertaking of records for non-resident brokers, dealers and investment advisers",REG-NR
Notice of Sale of Securities [Regulation D and Section 4(6) of the Securities Act of 1933],REGDEX
Commission order revoking Exchange Act registration [Section 12(j)],REVOKED
Registration Withdrawal Request,RW
Withdrawal of Registration Withdrawal Request,RW WD
General form for registration of securities under the Securities Act of 1933,S-1
Registration of securities issued by real estate companies,S-11
Registration adding securities to prior Form S-11 registration [Rule 462(b)],S-11MEF
Registration adding securities to prior Form S-1 registration [Rule 462(b)],S-1MEF
Registration of securities,S-2
For standardized options,S-20
Registration adding securities to prior Form S-2 registration [Rule 462(b)],S-2MEF
Registration statement under Securities Act of 1933,S-3
Automatic shelf registration statement of securities of well-known seasoned issuers,S-3ASR
"Registration of securities, dividend or interest reinvestment plans, immediately effective",S-3D
"Post-effective amendments, registration of securities, dividend or interest reinvestment plans, immediately effective",S-3DPOS
Registration adding securities to prior Form S-3 registration [Rule 462(b)],S-3MEF
"Registration of securities, business combinations",S-4
"Securities issued, formation of bank or savings and loan holding company [General Instruction G], post-effective amendments",S-4 POS
"Securities issued, formation of bank or savings and loan holding company [General Instruction G]",S-4EF
Registration adding securities to prior Form S-4 registration [Rule 462(b)],S-4MEF
Registration statement for unit investment trusts,S-6
Registration statements of unit investment trusts,S-6EL24
Securities to be offered to employees in employee benefit plans,S-8
"Securities to be offered to employees in employee benefit plans, post-effective amendments",S-8 POS
Registration statement for securities of Foreign Governments and Subdivisions,S-B
A new registration statement filed under Rule 462(b) to add securities to a prior related effective registration statement filed on Form S-B,S-BMEF
Optional form for registration of securities to be sold to the public by small business issuers,SB-1
Registration adding securities to prior Form SB-1 registration [Rule 462(b)],SB-1MEF
Optional form for registration of securities to be sold to the public by small business issuers,SB-2
Registration adding securities to prior Form SB-2 registration [Rule 462(b)],SB-2MEF
Application for Registration of Security-based Swap Dealers and Major Security-based Swap Participants,SBSE
Application for Registration of Security-based Swap Dealers and Major Security-based Swap Participants that are Registered or Registering with the Commodity Futures Trading Commission as a Swap Dealer or Major Swap Participant,SBSE-A
Application for Registration of Security-based Swap Dealers and Major Security-based Swap Participants that are Registered Broker-dealers,SBSE-BD
Certifications for Registration of Security-based Swap Dealers and Major Security-based Participants,SBSE-C
Request for Withdrawal from Registration as a Security-based Swap Dealer or Major Security-based Swap Participant,SBSE-W
Application for Registration of Security-based Swap Execution Facility,SBSEF
Request for Vacation of Registration,SBSEF-V
Request for Withdrawal of Application for Registration,SBSEF-W
Amendment to Application for Registration of Security-based Swap Execution Facility [Amend],SBSEF/A
General statement of acquisition of beneficial ownership,SC 13D
Statement of issuer required by Rule 13e-1,SC 13E1
Going private transaction by certain issuers,SC 13E3
Issuer tender offer statement.,SC 13E4
Statement of acquisition of beneficial ownership by individuals,SC 13G
Tender offer statement.,SC 14D1
"Solicitation, recommendation statements",SC 14D9
Statement regarding change in majority of directors [Rule 14f-1],SC 14F1
Information filed by certain nominating shareholders (pursuant to Section 240.14n-1),SC 14N
Solicitation in connection with the formation or attempted formation of a Rule 14a-11 nominating shareholder group or solicitation in connection with a Rule 14a-11 nomination,SC 14N-S
Written communication relating to an issuer or third party,SC TO-C
Tender offer statement by Issuer,SC TO-I
Tender offer statement by Third Party,SC TO-T
Canadian Foreign Private Issuer tender offer statement.,SC13E4F
Tender Offer Statement [Rule 14d-1(b)],SC14D1F
"Solicitation, recommendation statements",SC14D9
Written communication relating to third party tender offer,SC14D9C
Solicitation/Recommendation Statements,SC14D9F
Schedule filed to report acquisition of beneficial ownership of more than 5% of a class of equity securities,SCHEDULE 13D
Schedule filed by certain investors to report beneficial ownership of more than 5% of a class of equity securities,SCHEDULE 13G
Specialized disclosure,SD
Security-Based Swap Data Repository Registration,SDR
[Annual Amend] Security-Based Swap Data Repository Registration,SDR-A
Security-Based Swap Data Repository Withdrawal,SDR-W
Exhibits,SE
SEC Action,SEC ACTION
SEC Staff Action,SEC STAFF ACTION
SEC Staff Letter,SEC STAFF LETTER
Registration statement,SF-1
Registration statement,SF-3
Weekly Form SH Entries Report Filed by Institutional Investment Managers,SH-ER
Weekly Form SH Notice Report Filed by Institutional Investment Managers,SH-NT
Sales Literature,SL
Special Financial Report [Rule 15d-2],SP 15D2
SEC Specialized Disclosure,SPDSCL
Stop Order,STOP ORDER
Voluntary Supplemental Material by Foreign Issuers [Section 11(a)],SUPPL
Application for qualification of trust indentures,T-3
Registration of Transfer Agent,TA-1
Annual disclosure filing made by all bank and non-bank Transfer Agents,TA-2
Transfer Agent Registration Withdrawal,TA-W
Cancellation of Registered Transfer Agents by Commission Order,TACO
Notification of reliance on temporary hardship exemption,TH
'Test The Waters' submission [Regulation A],TTW
Application or declaration under the act,U-1
Statement by holding company employee [Section 12(i)],U-12-IA
Three-year statement by holding company employee [Section 12(i)],U-12-IB
Application for approval of mutual service company [Rule 88],U-13-1
Annual report for mutual and subsidiary service companies [Rule 94],U-13-60
Report by affiliate or independent service companies [Rule 95],U-13E-1
Annual report Concerning Foreign Utility Companies [Section 33(e)],U-33-S
Statement by holding company claiming exemption [Rule 2],U-3A-2
Twelve-month statement by bank claiming exemption [Rule 3],U-3A3-1
Notification of Foreign Utility Company Status [Section 33(a)(2)],U-57
"Notification of security issue, renewal or guaranty [Rule 20(d)]",U-6B-2
"Certificate, lease of utility facility [Rule 7(d)]",U-7D
"Quarterly report, energy and gas companies [Rule 58]",U-9C-3
Declaration as to solicitations [Rule 62],U-R-1
Notification of registration [Section 5(a)],U5A
Registration statement filed under [Section 5],U5B
Annual report for holding companies [Section 5],U5S
"Undertaking to file reports, [Item 4 Form S-6]",UNDER
SEC-generated letter,UPLOAD
Withdrawal Request for Materials Filed [Regulation A only],WDL-REQ
FOCUS Report,X-17A-5
